Nid,Title,Body,Path,Published,Language,Holiday Date,Holiday Type
24095,Republic Day,"Republic Day
",/content/republic-day,1,en,26-01-2012,Gazetted
24098,Pongal,"Pongal/Makar Sankranti/Magh Bihu
",/content/pongal,1,en,15-01-2012,Restricted
24099,Milad-Un-Nabi or Id-E-Milad,"Milad-Un-Nabi or Id-E-Milad
",/content/milad-un-nabi-or-id-e-milad,1,en,05-02-2012,Gazetted
24100,Guru Ravidas Jayanti,"Guru Ravidas Jayanti
",/content/guru-ravidas-jayanti,1,en,07-02-2012,Restricted
24202,New Year's Day ,"New Year's Day 
",/content/new-years-day,1,en,01-01-2012,Restricted
24203,Makar Sankranti,"Makar Sankranti
",/content/makar-sankranti,1,en,14-01-2012,Restricted
24204,Basanta Panchami/Shree Panchami,"Basanta Panchami/Shree Panchami
",/content/basanta-panchamishree-panchami,1,en,28-01-2012,Restricted
24205,Maharshi Dayanand Saraswati Jayanti,"Maharshi Dayanand Saraswati Jayanti
",/content/maharshi-dayanand-saraswati-jayanti,1,en,16-02-2012,Restricted
24206,Shivaji Jayanti,"Shivaji Jayanti
",/content/shivaji-jayanti,1,en,19-02-2012,Restricted
24207,Maha Shivaratri,"Maha Shivaratri
",/content/maha-shivaratri,1,en,20-02-2012,Gazetted
24208,Holika Dahan (Dolyatra),"Holika Dahan (Dolyatra)
",/content/holika-dahan-dolyatra,1,en,07-03-2012,Restricted
24209,Holi,"Holi
",/content/holi,1,en,08-03-2012,Gazetted
24210,Chaitra Sukhladi/Gudi Padava/Ugadi/Cheti Chand,"Chaitra Sukhladi/Gudi Padava/Ugadi/Cheti Chand
",/content/chaitra-sukhladigudi-padavaugadicheti-chand,1,en,23-03-2012,Restricted
24211,Ram Navami,"Ram Navami
",/content/ram-navami,1,en,01-04-2012,Restricted
24212,Mahavir Jayanti,"Mahavir Jayanti
",/content/mahavir-jayanti,1,en,05-04-2012,Gazetted
24213,Good Friday,"Good Friday
",/content/good-friday,1,en,06-04-2012,Gazetted
24214,Easter,"Easter
",/content/easter,1,en,08-04-2012,Restricted
24215,Vaisakhi/Vishu,"Vaisakhi/Vishu
",/content/vaisakhivishu,1,en,13-04-2012,Restricted
24216,Mesadi/Vaisakhadi (Bengal)/Bahag Bihu (Assam),"Mesadi/Vaisakhadi (Bengal)/Bahag Bihu (Assam)
",/content/mesadivaisakhadi-bengalbahag-bihu-assam,1,en,14-04-2012,Restricted
24217,Buddha Purnima,"Buddha Purnima
",/content/buddha-purnima,1,en,06-05-2012,Gazetted
24218,Guru Rabindranath's Birthday,"Guru Rabindranath's Birthday
",/content/guru-rabindranaths-birthday,1,en,08-05-2012,Restricted
24219,Hazarat Ali's Birthday,"Hazarat Ali's Birthday
",/content/hazarat-alis-birthday,1,en,04-06-2012,Restricted
24220,Rath Yatra,"Rath Yatra
",/content/rath-yatra,1,en,21-06-2012,Restricted
24221,Raksha Bandhan,"Raksha Bandhan
",/content/raksha-bandhan,1,en,02-08-2012,Restricted
24222,Janamashtami (Vaisnava),"Janamashtami (Vaisnava)
",/content/janamashtami-vaisnava,1,en,10-08-2012,Gazetted
24223,Independence Day,"Independence Day
",/content/independence-day,1,en,15-08-2012,Gazetted
24224,Jamat-Ul-Vida,"Jamat-Ul-Vida
",/content/jamat-ul-vida,1,en,17-08-2012,Restricted
24225,Parsi New Year,"Parsi New Year
",/content/parsi-new-year,1,en,18-08-2012,Restricted
24226,Id-ul-Fitr,"Id-ul-Fitr
",/content/id-ul-fitr,1,en,20-08-2012,Gazetted
24228,Onam,"Onam
",/content/onam,1,en,29-08-2012,Restricted
24229,Ganesh Chaturthi,"Ganesh Chaturthi
",/content/ganesh-chaturthi,1,en,19-09-2012,Restricted
24230,Mahatma Gandhi Jayanti,"Mahatma Gandhi Jayanti
",/content/mahatma-gandhi-jayanti,1,en,02-10-2012,Gazetted
24231,Maha Saptami,"Maha Saptami
",/content/maha-saptami,1,en,21-10-2012,Restricted
24232,Maha Ashtami,"Maha Ashtami
",/content/maha-ashtami,1,en,22-10-2012,Restricted
24234,Dussehra (Vijaya Dashami),"Dussehra (Vijaya Dashami)
",/content/dussehra-vijaya-dashami,1,en,24-10-2012,Gazetted
24235,Id-ul-Zuha (Bakrid),"Id-ul-Zuha (Bakrid)
",/content/id-ul-zuha-bakrid,1,en,27-10-2012,Gazetted
24236,Maharishi Valmiki Jayanti,"Maharishi Valmiki Jayanti
",/content/maharishi-valmiki-jayanti,1,en,29-10-2012,Restricted
24237,Karaka Chaturthi (Karva Chouth),"Karaka Chaturthi (Karva Chouth)
",/content/karaka-chaturthi-karva-chouth,1,en,02-11-2012,Restricted
24239,Diwali (Deepavali),"Diwali (Deepavali)
",/content/diwali-deepavali,1,en,13-11-2012,Gazetted
24241,Bhai Duj,"Bhai Duj
",/content/bhai-duj,1,en,15-11-2012,Restricted
24242,Pratihar Sashthi/Surya Sashthi (Chhat Puja),"Pratihar Sashthi/Surya Sashthi (Chhat Puja)
",/content/pratihar-sashthisurya-sashthi-chhat-puja,1,en,19-11-2012,Restricted
24243,Guru Teg Bahadur's Martyrdom Day,"Guru Teg Bahadur's Martyrdom Day
",/content/guru-teg-bahadurs-martyrdom-day,1,en,24-11-2012,Restricted
24244,Muharram,"Muharram
",/content/muharram,1,en,25-11-2012,Gazetted
24245,Guru Nanak Jayanti,"Guru Nanak Jayanti
",/content/guru-nanak-jayanti,1,en,28-11-2012,Gazetted
24246,Christmas Eve,"Christmas Eve
",/content/christmas-eve,1,en,24-12-2012,Restricted
24247,Christmas,"Christmas
",/content/christmas,1,en,25-12-2012,Gazetted
80667,Republic Day,"Republic Day
",/content/republic-day-0,1,en,26-01-2011,Gazetted
80669,Maha Shivaratri,"Maha Shivaratri
",/content/maha-shivaratri-0,1,en,02-03-2011,Gazetted
80670,Ram Navami,"Ram Navami
",/content/ram-navami-0,1,en,12-04-2011,Gazetted
80671,Ambedkar Jayanti,"Ambedkar Jayanti
",/content/ambedkar-jayanti,1,en,14-04-2011,Gazetted
80672,Mahavir Jayanti,"Mahavir Jayanti
",/content/mahavir-jayanti-0,1,en,16-04-2011,Gazetted
80673,Good Friday,"Good Friday
",/content/good-friday-0,1,en,22-04-2011,Gazetted
80674,Buddha Purnima,"Buddha Purnima
",/content/buddha-purnima-0,1,en,17-05-2011,Gazetted
80675,Independence Day,"Independence Day
",/content/independence-day-0,1,en,15-08-2011,Gazetted
80676,Janamashtami,"Janamashtami
",/content/janamashtami,1,en,22-08-2011,Gazetted
80677,Id-ul-Fitr,"Id-ul-Fitr
",/content/id-ul-fitr-0,1,en,31-08-2011,Gazetted
80678,Mahatma Gandhi Jayanti,"Mahatma Gandhi Jayanti
",/content/mahatma-gandhi-jayanti-0,1,en,02-10-2011,Gazetted
80679,Dussehra(Vijaya Dashami),"Dussehra(Vijaya Dashami)
",/content/dussehravijaya-dashami,1,en,06-10-2011,Gazetted
80680,Diwali (Deepavali),"Diwali (Deepavali)
",/content/diwali-deepavali-0,1,en,26-10-2011,Gazetted
80682,Id-ul-Zuha (Bakrid),"Id-ul-Zuha (Bakrid)
",/content/id-ul-zuha-bakrid-0,1,en,07-11-2011,Gazetted
80683,Guru Nanak Jayanti,"Guru Nanak Jayanti
",/content/guru-nanak-jayanti-0,1,en,10-11-2011,Gazetted
80684,Muharram,"Muharram
",/content/muharram-0,1,en,06-12-2011,Gazetted
80685,Christmas,"Christmas
",/content/christmas-0,1,en,25-12-2011,Gazetted
80686,New Year's Day,"New Year's Day
",/content/new-years-day-0,1,en,01-01-2011,Restricted
80689,Pongal,"Pongal
",/content/pongal-0,1,en,15-01-2011,Restricted
80690,Basanta Panchami/Shree Panchami,"Basanta Panchami/Shree Panchami
",/content/basanta-panchamishree-panchami-0,1,en,08-02-2011,Restricted
80691,Guru Ravidas Jayanti,"Guru Ravidas Jayanti
",/content/guru-ravidas-jayanti-0,1,en,18-02-2011,Restricted
80692,Shivaji Jayanti,"Shivaji Jayanti
",/content/shivaji-jayanti-0,1,en,19-02-2011,Restricted
80694,Holikadahana(Dolyatra),"Holikadahana(Dolyatra)
",/content/holikadahanadolyatra,1,en,19-03-2011,Restricted
80696,Holi,"Holi
",/content/holi-0,1,en,20-03-2011,Restricted
80697,Chaitra Sukhladi/Gudi Padava/Ugadi/Cheti Chand,"Chaitra Sukhladi/Gudi Padava/Ugadi/Cheti Chand
",/content/chaitra-sukhladigudi-padavaugadicheti-chand-0,1,en,04-04-2011,Restricted
80698,Vaisakhadi (Bengal)/Bahag Bihu (Assam),"Vaisakhadi (Bengal)/Bahag Bihu (Assam)
",/content/vaisakhadi-bengalbahag-bihu-assam,1,en,15-04-2011,Restricted
80705,Easter,"Easter
",/content/easter-0,1,en,24-04-2011,Restricted
80714,Guru Rabindranath's Birthday,"Guru Rabindranath's Birthday
",/content/guru-rabindranaths-birthday-0,1,en,09-05-2011,Restricted
80716,Hazarat Ali's Birthday,"Hazarat Ali's Birthday
",/content/hazarat-alis-birthday-0,1,en,16-06-2011,Restricted
80717,Rath Yatra,"Rath Yatra
",/content/rath-yatra-0,1,en,03-07-2011,Restricted
80719,Parsi New Year,"Parsi New Year
",/content/parsi-new-year-0,1,en,19-08-2011,Restricted
80720,Jamat-Ul-Vida,"Jamat-Ul-Vida
",/content/jamat-ul-vida-0,1,en,26-08-2011,Restricted
80721,Ganesh Chaturthi/Vinayaka Chaturthi,"Ganesh Chaturthi/Vinayaka Chaturthi
",/content/ganesh-chaturthivinayaka-chaturthi,1,en,01-09-2011,Restricted
80722,Onam,"Onam
",/content/onam-0,1,en,09-09-2011,Restricted
80723,Maha Saptami,"Maha Saptami
",/content/maha-saptami-0,1,en,03-10-2011,Restricted
80724,Maha Ashtami,"Maha Ashtami
",/content/maha-ashtami-0,1,en,04-10-2011,Restricted
80726,Maharishi Valmiki Jayanti,"Maharishi Valmiki Jayanti
",/content/maharishi-valmiki-jayanti-0,1,en,11-10-2011,Restricted
80728,Bhai Duj,"Bhai Duj
",/content/bhai-duj-0,1,en,28-10-2011,Restricted
80730,Pratihar Sashthi/Surya Sashthi (Chhat Puja),"Pratihar Sashthi/Surya Sashthi (Chhat Puja)
",/content/pratihar-sashthisurya-sashthi-chhat-puja-0,1,en,01-11-2011,Restricted
80731,Guru Teg Bahadur's Martyrdom Day,"Guru Teg Bahadur's Martyrdom Day
",/content/guru-teg-bahadurs-martyrdom-day-0,1,en,24-11-2011,Restricted
80732,Christmas Eve,"Christmas Eve
",/content/christmas-eve-0,1,en,24-12-2011,Restricted
80733,Milad-Un-Nabi or Id-E-Milad,"Milad-Un-Nabi or Id-E-Milad
",/content/milad-un-nabi-or-id-e-milad-0,1,en,25-01-2013,Gazetted
80734,Republic Day,"Republic Day
",/content/republic-day-1,1,en,26-01-2013,Gazetted
80735,Holi,"Holi
",/content/holi-1,1,en,27-03-2013,Gazetted
80736,Good Friday,"Good Friday
",/content/good-friday-1,1,en,29-03-2013,Gazetted
80737,Ram Navami,"Ram Navami
",/content/ram-navami-1,1,en,19-04-2013,Gazetted
80738,Mahavir Jayanti,"Mahavir Jayanti
",/content/mahavir-jayanti-1,1,en,24-04-2013,Gazetted
80740,Buddha Purnima,"Buddha Purnima
",/content/buddha-purnima-1,1,en,25-05-2013,Gazetted
80746,Id-ul-Fitr,"Id-ul-Fitr
",/content/id-ul-fitr-1,1,en,09-08-2013,Gazetted
80747,Independence Day,"Independence Day
",/content/independence-day-1,1,en,15-08-2013,Gazetted
80748,Janamashtami,"Janamashtami
",/content/janamashtami-0,1,en,28-08-2013,Gazetted
80749,Mahatma Gandhi Jayanti,"Mahatma Gandhi Jayanti
",/content/mahatma-gandhi-jayanti-1,1,en,02-10-2013,Gazetted
80750,Dussehra (Vijaya Dashami),"Dussehra (Vijaya Dashami)
",/content/dussehra-vijaya-dashami-0,1,en,13-10-2013,Gazetted
80751,Id-ul-Zuha (Bakrid),"Id-ul-Zuha (Bakrid)
",/content/id-ul-zuha-bakrid-1,1,en,16-10-2013,Gazetted
80752,Diwali (Deepavali),"Diwali (Deepavali)
",/content/diwali-deepavali-1,1,en,03-11-2013,Gazetted
80753,Muharram,"Muharram
",/content/muharram-1,1,en,15-11-2013,Gazetted
80754,Guru Nanak Jayanti,"Guru Nanak Jayanti
",/content/guru-nanak-jayanti-1,1,en,17-11-2013,Gazetted
80755,Christmas,"Christmas
",/content/christmas-1,1,en,25-12-2013,Gazetted
80757,New Year's Day,"New Year's Day
",/content/new-years-day-1,1,en,01-01-2013,Restricted
80758,Makar Sankranti,"Makar Sankranti
",/content/makar-sankranti-0,1,en,13-01-2013,Restricted
80759,Pongal,"Pongal
",/content/pongal-1,1,en,14-01-2013,Restricted
80760,Guru Gobind Singh Jayanti,"Guru Gobind Singh Jayanti
",/content/guru-gobind-singh-jayanti,1,en,18-01-2013,Restricted
80761,Shree Panchami,"Shree Panchami
",/content/shree-panchami,1,en,14-02-2013,Restricted
80762,Basanta Panchami,"Basanta Panchami
",/content/basanta-panchami,1,en,15-02-2013,Restricted
80763,Shivaji Jayanti,"Shivaji Jayanti
",/content/shivaji-jayanti-1,1,en,19-02-2013,Restricted
80764,Guru Ravidas Jayanti,Guru Ravidas Jayanti,/content/guru-ravidas-jayanti-1,1,en,25-02-2013,Restricted
81059,Maharshi Dayanand Saraswati Jayanti,"Maharshi Dayanand Saraswati Jayanti
",/content/maharshi-dayanand-saraswati-jayanti-0,1,en,07-03-2013,Restricted
81060,Maha Shivaratri,"Maha Shivaratri
",/content/maha-shivaratri-1,1,en,10-03-2013,Restricted
81061,Holika Dahan (Dolyatra),"Holika Dahan (Dolyatra)
",/content/holika-dahan-dolyatra-0,1,en,26-03-2013,Restricted
81063,Easter,"Easter
",/content/easter-1,1,en,31-03-2013,Restricted
81064,Chaitra Sukhladi/Gudi Padava/Ugadi/Cheti Chand,"Chaitra Sukhladi/Gudi Padava/Ugadi/Cheti Chand
",/content/chaitra-sukhladigudi-padavaugadicheti-chand-1,1,en,11-04-2013,Restricted
81065,Vaisakhi/Vishu,"Vaisakhi/Vishu
",/content/vaisakhivishu-0,1,en,13-04-2013,Restricted
81066,Birthday of Dr. B.R. Ambedkar,"Birthday of Dr. B.R. Ambedkar
",/content/birthday-dr-br-ambedkar,1,en,14-04-2013,Gazetted
81067,Vaisakhadi (Bengal)/Bahag Bihu (Assam),"Vaisakhadi (Bengal)/Bahag Bihu (Assam)
",/content/vaisakhadi-bengalbahag-bihu-assam-0,1,en,15-04-2013,Restricted
81068,Guru Rabindranath's Birthday,"Guru Rabindranath's Birthday
",/content/guru-rabindranaths-birthday-1,1,en,09-05-2013,Restricted
81069,Hazarat Ali's Birthday,"Hazarat Ali's Birthday
",/content/hazarat-alis-birthday-1,1,en,24-05-2013,Restricted
81070,Rath Yatra,"Rath Yatra
",/content/rath-yatra-1,1,en,10-07-2013,Restricted
81071,Jamat-Ul-Vida,"Jamat-Ul-Vida
",/content/jamat-ul-vida-1,1,en,02-08-2013,Restricted
81072,Parsi New Year,"Parsi New Year
",/content/parsi-new-year-1,1,en,18-08-2013,Restricted
81073,Raksha Bandhan,"Raksha Bandhan
",/content/raksha-bandhan-0,1,en,20-08-2013,Restricted
81074,Vinayaka Chaturthi/Ganesh Chaturthi,"Vinayaka Chaturthi/Ganesh Chaturthi
",/content/vinayaka-chaturthiganesh-chaturthi,1,en,09-09-2013,Restricted
81075,Onam,"Onam
",/content/onam-1,1,en,16-09-2013,Restricted
81084,Maha Saptami,"Maha Saptami
",/content/maha-saptami-1,1,en,11-10-2013,Restricted
81085,Maha Ashtami,"Maha Ashtami
",/content/maha-ashtami-1,1,en,12-10-2013,Restricted
81086,Maharishi Valmiki Jayanti,"Maharishi Valmiki Jayanti
",/content/maharishi-valmiki-jayanti-1,1,en,18-10-2013,Restricted
81087,Karaka Chaturthi (Karva Chouth),"Karaka Chaturthi (Karva Chouth)
",/content/karaka-chaturthi-karva-chouth-0,1,en,22-10-2013,Restricted
81088,Deepavali (South India)/Naraka Chaturdasi,"Deepavali (South India)/Naraka Chaturdasi
",/content/deepavali-south-indianaraka-chaturdasi,1,en,02-11-2013,Restricted
81089,Bhai Duj,"Bhai Duj
",/content/bhai-duj-1,1,en,05-11-2013,Restricted
81090,Pratihar Sashthi/Surya Sashthi (Chhat Puja),"Pratihar Sashthi/Surya Sashthi (Chhat Puja)
",/content/pratihar-sashthisurya-sashthi-chhat-puja-1,1,en,08-11-2013,Restricted
81091,Guru Teg Bahadur's Martyrdom Day,"Guru Teg Bahadur's Martyrdom Day
",/content/guru-teg-bahadurs-martyrdom-day-1,1,en,24-11-2013,Restricted
81092,Christmas Eve,"Christmas Eve
",/content/christmas-eve-1,1,en,24-12-2013,Restricted
370449,Milad-Un-Nabi or Id-E-Milad (Birthday of Prophet Mohammad),"Milad-Un-Nabi or Id-E-Milad (Birthday of Prophet Mohammad)
",/content/milad-un-nabi-or-id-e-milad-birthday-prophet-mohammad,1,en,14-01-2014,Gazetted
370450,Republic Day,"Republic Day
",/content/republic-day-2,1,en,26-01-2014,Gazetted
370451,Holi,"Holi
",/content/holi-2,1,en,17-03-2014,Gazetted
370460,Ram Navami,"Ram Navami
",/content/ram-navami-2,1,en,08-04-2014,Gazetted
370461,Mahavir Jayanti,"Mahavir Jayanti
",/content/mahavir-jayanti-2,1,en,13-04-2014,Gazetted
370462,Good Friday,"Good Friday
",/content/good-friday-2,1,en,18-04-2014,Gazetted
370463,Buddha Purnima,"Buddha Purnima
",/content/buddha-purnima-2,1,en,14-05-2014,Gazetted
370464,Idu'l Fitr,"Idu'l Fitr
",/content/idul-fitr,1,en,29-07-2014,Gazetted
370465,Independence day,"Independence day
",/content/independence-day-2,1,en,15-08-2014,Gazetted
370466,Janmashtami,"Janmashtami
",/content/janmashtami,1,en,18-08-2014,Gazetted
370467,Mahatma Gandhi's Birthday,"Mahatma Gandhi's Birthday
",/content/mahatma-gandhis-birthday,1,en,02-10-2014,Gazetted
370468,Dussehra,"Dussehra
",/content/dussehra,1,en,03-10-2014,Gazetted
370470,Id-ul-Zuha(Bakrid),"Id-ul-Zuha(Bakrid)
",/content/id-ul-zuhabakrid,1,en,06-10-2014,Gazetted
370471,Diwali (Deepavali),"Diwali (Deepavali)
",/content/diwali-deepavali-2,1,en,23-10-2014,Gazetted
370472,Muharram,"Muharram
",/content/muharram-2,1,en,04-11-2014,Gazetted
370473,Guru Nanak's Birthday,Guru Nanak's Birthday,/content/guru-nanaks-birthday,1,en,06-11-2014,Gazetted
370474,Christmas Day,"Christmas Day
",/content/christmas-day,1,en,25-12-2014,Gazetted
370507,New Year's Day,"New Year's Day
",/content/new-years-day-2,1,en,01-01-2014,Restricted
370558,Guru Gobind Singh's Birthday,"Guru Gobind Singh's Birthday
",/content/guru-gobind-singhs-birthday,1,en,07-01-2014,Restricted
370559,Makar Sankranti,"Makar Sankranti
",/content/makar-sankranti-1,1,en,14-01-2014,Restricted
370560,Pongal,"Pongal
",/content/pongal-2,1,en,14-01-2014,Restricted
370561,Basant Panchami/Sri Panchami,"Basant Panchami/Sri Panchami
",/content/basant-panchamisri-panchami,1,en,04-02-2014,Restricted
370562,Guru Ravidas's Birthday,"Guru Ravidas's Birthday
",/content/guru-ravidass-birthday,1,en,14-02-2014,Restricted
370563,Shivaji Jayanti,"Shivaji Jayanti
",/content/shivaji-jayanti-2,1,en,19-02-2014,Restricted
370564,Swami Dayananda Saraswati Jayanti,"Swami Dayananda Saraswati Jayanti
",/content/swami-dayananda-saraswati-jayanti,1,en,24-02-2014,Restricted
370565,Maha Shivaratri,"Maha Shivaratri
",/content/maha-shivaratri-2,1,en,27-02-2014,Restricted
370566,Holika Dahan,"Holika Dahan
",/content/holika-dahan,1,en,16-03-2014,Restricted
370567,Chaitra Suldadi/Gudi Padava/Ugadi/Cheti Chand,"Chaitra Suldadi/Gudi Padava Ugadi/Cheti Chand
",/content/chaitra-suldadigudi-padavaugadicheti-chand,1,en,31-03-2014,Restricted
370570,Vaisakhadi(Bengal)/Bahag Bihu (Assam),"Vaisakhadi(Bengal)/Bahag Bihu (Assam)
",/content/vaisakhadibengalbahag-bihu-assam,1,en,15-04-2014,Restricted
370578,Easter Sunday,"Easter Sunday
",/content/easter-sunday,1,en,20-04-2014,Restricted
370579,Guru Rabindranath's birthday,"Guru Rabindranath's birthday
",/content/guru-rabindranaths-birthday-2,1,en,09-05-2014,Restricted
370580,Hazarat Ali's Birthday,"Hazarat Ali's Birthday
",/content/hazarat-alis-birthday-2,1,en,13-05-2014,Restricted
370581,Rath Yatra,"Rath Yatra
",/content/rath-yatra-2,1,en,29-06-2014,Restricted
370582,Jamat-Ul-Vida,"Jamat-Ul-Vida
",/content/jamat-ul-vida-2,1,en,25-07-2014,Restricted
370583,Raksha Bandhan,"Raksha Bandhan
",/content/raksha-bandhan-1,1,en,10-08-2014,Restricted
370584,Parsi New Year's day/Nauroz,"Parsi New Year's day/Nauroz
",/content/parsi-new-years-daynauroz,1,en,18-08-2014,Restricted
370585,Vinayaka Chaturthi/Ganesh Chaturthi,"Vinayaka Chaturthi/Ganesh Chaturthi
",/content/vinayaka-chaturthiganesh-chaturthi-0,1,en,29-08-2014,Restricted
370586,Onam,"Onam
",/content/onam-2,1,en,07-09-2014,Restricted
370587,Dussehra (Maha Saptami) (Additional),"Dussehra (Maha Saptami)(Additional)
",/content/dussehra-maha-saptami-additional,1,en,01-10-2014,Restricted
370589,Dussehra (Maha Ashtami) (Additional),"Dussehra (Maha Ashtami)(Additional)
",/content/dussehra-maha-ashtami-additional,1,en,02-10-2014,Restricted
370590,Dussehra (Maha Navmi),"Dussehra (Maha Navmi)
",/content/dussehra-maha-navmi,1,en,03-10-2014,Restricted
370591,Maharishi Valmiki's Birthday,"Maharishi Valmiki's Birthday
",/content/maharishi-valmikis-birthday,1,en,08-10-2014,Restricted
370592,Karaka Chaturthi (Karva Chouth),"Karaka Chaturthi (Karva Chouth)
",/content/karaka-chaturthi-karva-chouth-1,1,en,11-10-2014,Restricted
370593,Deepavali (South India),"Deepavali (South India)
",/content/deepavali-south-india,1,en,22-10-2014,Restricted
370594,Naraka Chaturdasi,"Naraka Chaturdasi
",/content/naraka-chaturdasi-0,1,en,22-10-2014,Restricted
370596,Bhai Duj,"Bhai Duj
",/content/bhai-duj-2,1,en,25-10-2014,Restricted
370597,Pratihar Sashthi/Surya Sashthi (Chhat Puja),"Pratihar Sashthi/Surya Sashthi (Chhat Puja)
",/content/pratihar-sashthisurya-sashthi-chhat-puja-2,1,en,29-10-2014,Restricted
370681,Guru Teg Bahadur's Martyrdom Day,"Guru Teg Bahadur's Martyrdom Day
",/content/guru-teg-bahadurs-martyrdom-day-2,1,en,24-11-2014,Restricted
370682,Christmas Eve,"Christmas Eve
",/content/christmas-eve-2,1,en,24-12-2014,Restricted
540000,Maha Navmi,"Maha Navmi
",/content/maha-navmi,1,en,13-10-2013,Restricted
692949,Guru Gobind Singh's Birthday,"Guru Gobind Singh's Birthday
",/content/guru-gobind-singhs-birthday-0,1,en,28-12-2014,Restricted
1121072,Birthday of Dr. B.R. Ambedkar,"Birthday of Dr. B.R. Ambedkar
",/content/birthday-dr-br-ambedkar-0,1,en,14-04-2014,Gazetted
1121074,Vaisakhi/Vishu/Masadi,"Vaisakhi/Vishu/Masadi
",/content/vaisakhivishumasadi,1,en,14-04-2014,Restricted
1133317,Milad-Un-Nabi or Id-E-Milad (Birthday of Prophet Mohammad),"Milad-Un-Nabi or Id-E-Milad (Birthday of Prophet Mohammad)
",/content/milad-un-nabi-or-id-e-milad-birthday-prophet-mohammad-0,1,en,04-01-2015,Gazetted
1133320,Republic Day,"Republic Day
",/content/republic-day-3,1,en,26-01-2015,Gazetted
1133322,Holi,"Holi
",/content/holi-3,1,en,06-03-2015,Gazetted
1133324,Ram Navami,"Ram Navami
",/content/ram-navami-3,1,en,28-03-2015,Gazetted
1133326,Mahavir Jayanti,"Mahavir Jayanti
",/content/mahavir-jayanti-3,1,en,02-04-2015,Gazetted
1133328,Good Friday,"Good Friday
",/content/good-friday-3,1,en,03-04-2015,Gazetted
1133330,Buddha Purnima,"Buddha Purnima
",/content/buddha-purnima-3,1,en,04-05-2015,Gazetted
1133332,Idu'l Fitr,"Idu'l Fitr
",/content/idul-fitr-0,1,en,18-07-2015,Gazetted
1133334,Independence day,"Independence day
",/content/independence-day-11,1,en,15-08-2015,Gazetted
1133336,Janmashtami,"Janmashtami
",/content/janmashtami-0,1,en,05-09-2015,Gazetted
1133340,Id-ul-Zuha(Bakrid),"Id-ul-Zuha(Bakrid)
",/content/id-ul-zuhabakrid-0,1,en,25-09-2015,Gazetted
1133342,Mahatma Gandhi's Birthday,"Mahatma Gandhi's Birthday
",/content/mahatma-gandhis-birthday-0,1,en,02-10-2015,Gazetted
1133344,Dussehra,"Dussehra
",/content/dussehra-0,1,en,22-10-2015,Gazetted
1133346,Muharram,"Muharram
",/content/muharram-3,1,en,24-10-2015,Gazetted
1133349,Diwali (Deepavali),"Diwali (Deepavali)
",/content/diwali-deepavali-3,1,en,11-11-2015,Gazetted
1133351,Guru Nanak's Birthday,"Guru Nanak's Birthday
",/content/guru-nanaks-birthday-0,1,en,25-11-2015,Gazetted
1133353,Milad-Un-Nabi,"Milad-Un-Nabi
",/content/milad-un-nabi-0,1,en,24-12-2015,Gazetted
1133355,Christmas Day,"Christmas Day
",/content/christmas-day-0,1,en,25-12-2015,Gazetted
1133357,New Year's Day,"New Year's Day
",/content/new-years-day-3,1,en,01-01-2015,Restricted
1133359,Makar Sankranti,"Makar Sankranti
",/content/makar-sankranti-2,1,en,14-01-2015,Restricted
1133361,Pongal,"Pongal
",/content/pongal-3,1,en,15-01-2015,Restricted
1133363,Basant Panchami/Sri Panchami,"Basant Panchami/Sri Panchami
",/content/basant-panchamisri-panchami-0,1,en,24-01-2015,Restricted
1133365,Guru Ravidas's Birthday,"Guru Ravidas's Birthday
",/content/guru-ravidass-birthday-0,1,en,03-02-2015,Restricted
1133369,Swami Dayananda Saraswati Jayanti,"Swami Dayananda Saraswati Jayanti
",/content/swami-dayananda-saraswati-jayanti-0,1,en,14-02-2015,Restricted
1133371,Shivaji Jayanti,"Shivaji Jayanti
",/content/shivaji-jayanti-3,1,en,19-02-2015,Restricted
1133373,Holika Dahan,"Holika Dahan
",/content/holika-dahan-0,1,en,05-03-2015,Restricted
1133375,Chaitra Suldadi/Gudi Padava/Ugadi/Cheti Chand,"Chaitra Suldadi/Gudi Padava/Ugadi/Cheti Chand
",/content/chaitra-suldadigudi-padavaugadicheti-chand-0,1,en,21-03-2015,Restricted
1133377,Easter Sunday,"Easter Sunday
",/content/easter-sunday-0,1,en,05-04-2015,Restricted
1133379,Vaisakhi/Vishu/Masadi,"Vaisakhi/Vishu/Masadi
",/content/vaisakhivishumasadi-0,1,en,14-04-2015,Restricted
1133381,Vaisakhadi(Bengal)/Bahag Bihu (Assam),"Vaisakhadi(Bengal)/Bahag Bihu (Assam)
",/content/vaisakhadibengalbahag-bihu-assam-0,1,en,15-04-2015,Restricted
1133383,Hazarat Ali's Birthday,"Hazarat Ali's Birthday
",/content/hazarat-alis-birthday-3,1,en,03-05-2015,Restricted
1133385,Guru Rabindranath's birthday,"Guru Rabindranath's birthday
",/content/guru-rabindranaths-birthday-3,1,en,09-05-2015,Restricted
1133387,Jamat-Ul-Vida,"Jamat-Ul-Vida
",/content/jamat-ul-vida-3,1,en,17-07-2015,Restricted
1133389,Rath Yatra,"Rath Yatra
",/content/rath-yatra-3,1,en,18-07-2015,Restricted
1133396,Parsi New Year's day/Nauroz,"Parsi New Year's day/Nauroz
",/content/parsi-new-years-daynauroz-0,1,en,18-08-2015,Restricted
1133399,Onam,"Onam
",/content/onam-3,1,en,28-08-2015,Restricted
1133401,Raksha Bandhan,"Raksha Bandhan
",/content/raksha-bandhan-2,1,en,29-08-2015,Restricted
1133404,Vinayaka Chaturthi/Ganesh Chaturthi,"Vinayaka Chaturthi/Ganesh Chaturthi
",/content/vinayaka-chaturthiganesh-chaturthi-1,1,en,17-09-2015,Restricted
1133406,Dussehra (Maha Saptami) (Additional),"Dussehra (Maha Saptami) (Additional)
",/content/dussehra-maha-saptami-additional-0,1,en,20-10-2015,Restricted
1133408,Dussehra (Maha Ashtami) (Additional),"Dussehra (Maha Ashtami) (Additional)
",/content/dussehra-maha-ashtami-additional-0,1,en,21-10-2015,Restricted
1133410,Dussehra (Maha Navmi),"Dussehra (Maha Navmi)
",/content/dussehra-maha-navmi-0,1,en,22-10-2015,Restricted
1133412,Maharishi Valmiki's Birthday,"Maharishi Valmiki's Birthday
",/content/maharishi-valmikis-birthday-0,1,en,27-10-2015,Restricted
1133414,Karaka Chaturthi (Karva Chouth),"Karaka Chaturthi (Karva Chouth)
",/content/karaka-chaturthi-karva-chouth-2,1,en,30-10-2015,Restricted
1133416,Deepavali (South India),"Deepavali (South India)
",/content/deepavali-south-india-0,1,en,10-11-2015,Restricted
1133418,Naraka Chaturdasi,"Naraka Chaturdasi
",/content/naraka-chaturdasi-1,1,en,10-11-2015,Restricted
1133420,Govardhan Puja,"Govardhan Puja
",/content/govardhan-puja-2,1,en,12-11-2015,Restricted
1133422,Bhai Duj,"Bhai Duj
",/content/bhai-duj-3,1,en,13-11-2015,Restricted
1133424,Pratihar Sashthi/Surya Sashthi (Chhat Puja),"Pratihar Sashthi/Surya Sashthi (Chhat Puja)
",/content/pratihar-sashthisurya-sashthi-chhat-puja-3,1,en,17-11-2015,Restricted
1133426,Guru Teg Bahadur's Martyrdom Day,"Guru Teg Bahadur's Martyrdom Day
",/content/guru-teg-bahadurs-martyrdom-day-3,1,en,24-11-2015,Restricted
1133428,Christmas Eve,"Christmas Eve
",/content/christmas-eve-3,1,en,24-12-2015,Restricted
1133430,Maha Shivaratri,"Maha Shivaratri
",/content/maha-shivaratri-3,1,en,17-02-2015,Restricted
1163476,Birthday of Dr. B.R. Ambedkar,"Birthday of Dr. B.R. Ambedkar
",/content/birthday-dr-br-ambedkar-1,1,en,14-04-2015,Gazetted
